x	y
0.504475	0.684717
0.481262	0.602972
0.568108	0.457539
-0.0186234	0.991806
0.383626	0.533275
-0.520513	0.697636
0.695089	-0.439793
0.743017	0.278144
0.621958	0.667285
0.636662	-0.159589
-0.588638	-0.353791
0.782866	-0.16814
-0.760724	-0.394712
-0.723205	0.0144627
-0.0712915	-0.955741
-0.677105	0.470935
-0.736311	-0.397419
0.870787	-0.144573
-0.683977	-0.594185
0.924725	0.149704
0.378539	0.726685
-0.909479	0.00130981
-0.250763	-0.618627
0.805109	-0.404698
0.818678	-0.316195
-0.715052	-0.32456
0.235899	-0.569119
0.893255	0.177551
-0.046512	0.730919
-0.85823	-0.265733
0.499861	0.497066
0.53323	-0.313269
-0.267581	0.914608
-0.857341	0.278237
-0.689639	0.388297
-0.768262	0.496242
-0.588339	0.703668
0.405592	0.515159
0.138546	-0.671425
0.605194	0.464056
-0.758895	-0.613112
-0.684145	0.199163
-0.392598	-0.661168
-0.373416	-0.905637
-0.930297	0.320962
0.914648	0.222945
0.475971	0.837348
0.348164	-0.543019
0.579037	-0.419622
0.780057	0.431213
-0.634511	0.13285
0.796323	0.112203
0.405348	-0.802198
0.0765397	-0.623155
-0.315496	-0.883353
0.226605	0.714348
0.70807	-0.398966
0.617753	0.0482883
0.768851	-0.612211
-0.493799	0.708932
0.713214	0.0046956
0.679186	0.428502
-0.599036	-0.444697
0.733928	-0.235347
0.810302	-0.103138
0.133764	0.703366
0.619523	-0.0266453
-0.643337	0.662371
0.852936	-0.176974
-0.252331	-0.838668
-0.908702	-0.0116373
0.365367	-0.761329
-0.548	0.338747
-0.727963	-0.0493944
0.55489	-0.573945
0.66509	0.0132532
0.910954	0.177485
-0.841582	0.154165
-0.706164	0.0417614
0.818078	-0.0838736
-0.896268	-0.387414
0.507385	-0.42836
0.217578	0.823575
0.601583	-0.143401
0.48608	-0.384918
0.84873	0.0864044
-0.851214	0.212708
0.436797	0.493799
-0.00172415	-0.895599
-0.160114	-0.662093
0.665775	-0.249667
0.691453	-0.571791
-0.719158	0.460573
0.102308	-0.599395
0.680967	-0.0594493
0.343934	-0.520793
0.58528	0.482979
0.619633	-0.287514
-0.584015	-0.387712
0.102301	0.850013
0.893489	-0.0359927
-0.321319	-0.52583
-0.702529	-0.551772
-0.893721	0.335919
0.296927	0.787288
0.943076	-0.240659
-0.424165	0.877577
0.425143	-0.865561
0.727546	0.173097
-0.747378	0.0795037
0.343536	0.500436
0.675947	0.00924089
0.593817	0.444432
-0.612264	0.55197
-0.66486	0.130705
-0.719784	0.518271
0.840879	0.41738
0.854122	0.296673
-0.657229	-0.488535
-0.73409	-0.0909812
0.797147	0.465388
-0.735882	0.0740171
-0.808609	-0.232128
-0.911689	0.410054
0.165926	0.888687
0.700219	-0.378523
0.155705	0.804682
-0.0415661	-0.970751
-0.667729	-0.246874
0.207751	-0.938617
0.345065	-0.597495
0.66236	0.254544
-0.319911	-0.554313
0.316927	-0.777826
-0.0719156	-0.943778
0.772582	0.442438
0.948505	0.0953251
0.352971	0.553406
-0.404746	-0.757975
0.694099	0.123541
-0.0548509	-0.720183
-0.713948	-0.027896
-0.411906	0.454996
0.467462	0.750256
-0.565876	0.515163
0.852565	-0.122955
0.45077	0.469616
0.646369	-0.332086
-0.605584	0.242853
-0.570908	-0.252095
-0.744175	0.631039
-0.29538	-0.82724
0.0134738	0.871322
-0.290707	0.904332
0.81532	-0.558634
-0.712903	0.21608
0.467875	0.574219
0.96789	0.103281
-0.646128	0.116307
-0.889325	0.402181
-0.962421	0.163002
-0.323504	-0.905271
0.388725	-0.595203
-0.0537902	-0.796899
0.704092	-0.229818
-0.8063	-0.125896
0.849858	0.181971
-0.21124	0.841161
0.729236	-0.49786
-0.247101	-0.760849
0.524331	-0.370553
-0.451549	-0.809044
0.370482	0.862708
-0.842301	0.425971
0.727953	-0.549522
0.682199	0.429991
0.786322	0.479651
0.225523	-0.701151
-0.423082	0.73018
-0.905186	-0.269973
0.542975	0.795102
-0.499717	0.859204
0.716866	-0.0973873
0.490463	0.372788
0.824642	0.565331
-0.040018	0.701376
-0.608085	0.517638
-0.650882	-0.271015
0.670415	0.63746
0.531235	0.693641
0.177865	-0.897776
-0.259221	0.633738
-0.299607	-0.657547
-0.389555	0.488507
-0.746122	0.450066
-0.172334	-0.665593
0.642492	0.0979862
-0.613549	0.451018
-0.261608	0.619296
-0.717581	0.428785
-0.15334	0.828515
0.749709	0.34737
0.205814	0.919166
0.555427	-0.329877
0.710211	0.302243
-0.647979	-0.337043
0.327507	0.551531
0.182538	-0.937603
0.441869	0.795382
0.639436	0.194
-0.439709	-0.617812
-0.824164	-0.104894
0.725021	-0.183626
0.4241	0.537353
-0.80216	0.0795111
0.379085	-0.475471
-0.183135	0.580083
0.506601	0.449547
-0.334639	-0.6247
-0.757772	0.223779
0.311028	-0.60852
0.928665	-0.124952
-0.870272	-0.466877
0.0847339	-0.930689
-0.777242	0.122655
0.159791	-0.928448
0.439663	-0.704023
-0.695985	-0.324102
0.431232	0.70422
0.537579	-0.294312
-0.745535	-0.380191
-0.523515	-0.385042
0.740763	-0.54222
0.392727	0.664349
-0.230854	0.689071
-0.0756868	0.611458
0.956885	0.181616
0.685627	0.420665
0.29259	-0.883996
-0.0313278	-0.67691
-0.837111	-0.108856
0.563574	0.81945
0.915649	-0.353658
0.567803	0.204099
0.834579	0.265637
0.595556	-0.225169
0.697172	-0.224229
-0.572982	0.371665
0.851838	-0.494356
-0.105202	-0.775834
0.972354	0.015455
0.44698	-0.576839
0.173809	-0.704853
0.419583	-0.560826
-0.169833	0.631373
-0.727631	-0.295512
-0.679365	0.723221
-0.583799	-0.521688
0.747644	0.00478571
-0.632557	-0.692723
0.621376	-0.255387
-0.835571	-0.501113
0.899017	-0.151138
-0.253425	-0.549809
-0.661908	0.476995
0.529384	-0.342833
-0.0766483	-0.631851
0.0147361	0.65611
-0.379167	0.565129
0.762047	-0.224414
-0.583145	0.405984
0.907727	0.0960244
0.634208	0.513749
-0.282607	0.85829
0.802768	0.107063
0.173394	-0.972311
0.423234	-0.687929
-0.834101	-0.0316069
-0.460867	0.494419
0.670198	0.169055
0.26516	0.892114
0.628507	0.46954
-0.209988	-0.676144
-0.960033	-0.0359279
-0.935788	-0.119154
0.498442	0.515777
-0.848759	-0.506091
0.482215	0.488295
0.214866	-0.590834
-0.664276	-0.469153
0.00531629	0.969897
0.434702	0.815577
0.588001	-0.259586
0.185686	-0.841701
0.404672	-0.812991
0.505507	-0.461711
-0.898381	0.189109
0.603173	0.328966
0.863194	-0.277581
-0.764277	0.0692411
-0.349962	0.672727
-0.436425	0.591148
0.608019	-0.725657
-0.684356	0.556388
0.19604	0.822138
-0.118374	0.675846
-0.665422	0.0877666
-0.642403	-0.0645465
0.104842	-0.92072
-0.702254	0.179843
0.165789	0.728331
-0.176835	0.90062
0.362299	-0.756211
0.521758	-0.340273
-0.578544	0.206299
0.216739	-0.794538
0.343414	0.901145
0.653493	-0.0696501
0.462187	0.571384
-0.105163	-0.844501
0.722056	-0.0919953
0.677203	0.339653
0.176201	-0.79393
0.162734	-0.847308
0.670496	0.0560256
0.936113	-0.335103
-0.427797	-0.61333
-0.634944	0.403981
-0.62356	-0.466901
-0.148351	-0.7792
-0.931744	-0.251686
-0.134619	0.955037
0.576194	0.391411
0.287144	0.690511
0.083067	0.697874
0.12742	0.661655
-0.90012	0.216531
0.740946	0.56419
0.434129	0.749556
-0.725808	-0.386547
0.416115	-0.507706
-0.336538	0.621802
-0.642601	-0.643145
0.727817	0.069006
-0.0738835	0.660904
0.603075	-0.126672
0.153725	0.988022
-0.276363	-0.620544
-0.408422	-0.568154
-0.477844	0.828693
-0.192551	0.835038
0.951808	0.0159681
-0.966427	-0.159724
0.585287	-0.191291
0.149234	0.778579
-0.345872	0.502278
0.599323	-0.0346377
0.877408	-0.461997
-0.401723	-0.538448
0.852634	-0.0830165
-0.049256	-0.758403
0.0222718	0.943952
-0.35259	0.543879
0.131711	-0.622895
0.285481	-0.900671
0.451397	-0.627907
-0.421039	0.598811
-0.342575	-0.766963
-0.416978	-0.643143
-0.343235	-0.80188
0.0550093	0.621292
0.994727	0.0616393
-0.842795	0.469551
-0.606921	0.427188
-0.727493	-0.483489
0.896349	-0.197478
-0.638254	0.587427
-0.729662	-0.534662
0.624325	0.303126
0.468504	-0.386074
0.573308	0.732041
0.657124	0.230941
0.399657	0.671293
-0.365408	0.481387
0.642794	0.221302
-0.806973	-0.0781279
0.175161	-0.781396
-0.892908	-0.139544
0.273412	0.630575
-0.463494	-0.667378
0.638956	0.113253
-0.814344	-0.0603559
0.389097	0.781886
0.522133	-0.629233
-0.681359	-0.722326
-0.624444	0.622341
0.580605	-0.635281
0.480608	0.471511
-0.11803	0.845676
0.0449425	0.75622
-0.326303	-0.51036
0.614105	-0.415693
0.588592	-0.329589
-0.869078	-0.338721
0.26692	0.691513
0.896623	-0.328327
0.612533	-0.0207218
0.834589	-0.545749
0.642034	-0.536332
0.605389	-0.0433412
0.694086	-0.674271
0.216925	0.762699
0.528596	0.458112
-0.00436857	-0.602978
-0.304182	-0.572197
-0.697026	-0.0235209
0.621018	0.287087
0.30434	0.530738
0.919686	0.0209798
0.0914075	-0.995217
0.726511	0.599293
-0.191884	0.707252
-0.500717	0.794369
-0.551413	-0.333419
0.729391	0.0592671
0.855339	-0.349195
0.44462	0.519291
-0.342372	-0.829784
0.602474	-0.337525
0.478556	0.875287
-0.176206	0.743234
-0.813411	-0.342763
0.699875	0.252805
0.624031	0.534377
-0.32895	-0.916408
-0.386642	0.475229
0.805705	-0.341376
-0.15838	-0.700431
-0.36262	-0.838078
-0.620683	-0.234185
0.887406	-0.201929
0.621136	-0.471257
-0.592004	-0.343549
-0.872127	-0.359073
0.320492	-0.891829
-0.624628	0.0511965
0.630033	-0.0350532
-0.90652	-0.326119
-0.627004	-0.621343
-0.587278	-0.414611
-0.782138	0.508599
-0.735282	-0.249836
0.618644	-0.241591
-0.708364	-0.183049
0.385139	0.628958
-0.762216	0.613573
-0.148136	0.74979
0.344055	0.520151
0.672714	-0.477739
-0.601574	0.042276
-0.654036	0.253837
-0.227998	0.871782
-0.160488	0.776129
0.664327	0.287915
0.414191	0.477049
-0.253521	0.739576
-0.491955	-0.795884
-0.587554	-0.269305
-0.714876	-0.268469
-0.6682	0.303337
0.782218	-0.581111
0.661457	-0.484397
0.162542	-0.836831
0.104038	-0.89936
-0.545449	-0.55064
0.755763	-0.283907
0.791575	0.51642
0.75903	0.577356
0.578637	-0.199818
-0.393117	-0.484547
-0.367879	0.794679
-0.762968	0.205382
-0.526801	0.65538
0.219718	-0.729324
-0.741465	0.443896
0.0448968	0.801142
0.615813	0.547888
-0.503081	-0.655201
0.54146	0.332535
-0.7729	-0.217898
0.0247275	-0.952957
0.486225	-0.432668
-0.419874	-0.679801
0.905037	-0.167954
0.117038	-0.634846
-0.327071	-0.740833
0.939285	-0.313674
0.182692	0.933658
-0.782723	-0.229159
-0.58121	-0.207319
0.746481	-0.537688
-0.564394	0.824322
-0.667329	0.248708
-0.676466	0.545209
-0.634897	0.389205
-0.528531	0.727062
-0.64501	-0.481858
-0.581068	0.806234
-0.633562	0.712428
-0.557275	-0.354556
0.792011	-0.449465
0.88641	0.16115
-0.492672	0.474475
0.394495	-0.894522
0.33259	-0.59155
0.314009	0.746522
0.0333908	0.821543
-0.713055	0.45543
-0.437283	-0.453531
0.60209	0.286937
-0.231754	-0.583207
0.649644	0.325309
0.32225	0.743304
0.277287	-0.681195
0.14199	0.605688
0.802168	0.263123
-0.679551	0.333999
0.797404	-0.190125
-0.73641	0.237487
0.0564314	0.853658
0.169832	-0.596629
0.873637	-0.359871
0.720319	0.641164
-0.466045	-0.730707
0.366643	0.624395
0.660531	-0.260345
0.516083	-0.684732
-0.309244	-0.877446
-0.595211	-0.245919
-0.124154	0.802981
-0.662802	-0.379379
0.435478	-0.807573
0.08646	-0.91701
0.127938	0.959636
-0.271762	0.919715
-0.705858	-0.169722
-0.303953	0.833216
0.902745	-0.249803
0.274569	0.7298
0.621345	-0.0964258
0.257578	0.546874
-0.957666	-0.194785
-0.48177	0.756389
-0.609256	-0.259059
-0.544407	-0.673294
-0.746724	-0.606276
0.48809	0.810921
-0.615001	0.519463
0.599076	0.097135
0.699565	0.428251
0.542907	-0.58711
0.540557	0.403966
0.580698	0.804937
-0.722433	-0.480954
0.872513	0.393015
-0.691053	0.11002
-0.520286	0.610838
0.0730172	-0.637145
0.687601	-0.57153
-0.948298	-0.0730258
-0.72525	-0.466718
-0.497339	0.402565
-0.652658	-0.192813
-0.828642	0.357583
-0.756723	-0.258412
0.207734	0.631296
-0.541684	-0.509541
0.368554	0.886588
-0.769125	-0.413916
0.308367	0.515689
0.363036	0.562991
0.388299	-0.621269
-0.416705	0.440726
0.359653	-0.799097
-0.0377745	0.972139
0.762197	-0.144383
-0.496169	0.745755
-0.636212	-0.652699
0.906537	0.176758
0.785215	-0.236534
-0.0849795	0.71884
0.234997	-0.556105
-0.199801	0.949391
0.665159	0.365103
0.426719	0.551658
-0.302543	-0.586403
0.0400226	0.852813
0.559028	-0.455006
-0.678417	0.123287
0.267838	0.797928
0.0982764	0.668984
-0.580349	-0.73944
0.391977	-0.89292
-0.280302	0.782959
-0.56537	-0.747691
0.955318	-0.171866
0.622908	-0.508275
-0.0407763	-0.900859
-0.938142	0.299283
-0.738948	-0.238141
0.75687	0.00449836
-0.443129	0.504543
0.648466	0.758397
-0.890353	-0.179104
-0.805039	0.565166
0.133941	0.87151
0.686106	0.0877143
-0.609762	-0.541786
0.104513	-0.868708
0.624068	-0.763165
0.574442	-0.795999
-0.709849	-0.304907
0.566985	-0.553044
0.275005	-0.90412
0.471743	0.838038
0.461457	-0.557845
-0.0705131	0.916036
-0.694529	0.0352041
0.51315	0.809607
-0.405345	-0.686034
0.544405	-0.263118
0.40677	-0.650167
-0.753829	0.311656
0.465273	-0.620255
0.973589	-0.0255879
0.147454	0.640724
0.825374	-0.1038
-0.903039	0.180729
0.508055	0.442455
-0.337604	-0.83286
0.745374	-0.256989
-0.910783	-0.25619
-0.152274	0.59074
0.375452	0.535758
0.322443	-0.791518
0.253969	-0.753782
0.368683	-0.762574
0.297627	-0.5369
-0.339278	-0.83541
0.603537	-0.518133
-0.279651	0.578368
-0.7875	0.103613
0.706963	-0.676385
-0.86282	-0.102228
0.146909	0.889674
-0.543626	0.44104
-0.643295	-0.330184
0.250206	0.65651
0.611603	-0.10093
0.509652	-0.484683
0.640097	-0.64526
0.454557	-0.79619
0.923438	-0.176913
0.743361	-0.0748859
-0.694906	-0.132933
-0.378082	0.566058
-0.285456	-0.726017
0.939767	-0.140424
0.844435	-0.0858006
-0.949353	-0.291434
-0.919391	0.230455
0.71895	0.595461
-0.458779	-0.413967
0.912509	0.118189
-0.539817	0.688805
0.226165	0.68588
0.352234	0.637367
0.775435	-0.502192
-0.325867	-0.541834
-0.100022	0.738458
0.542943	0.355234
-0.708468	-0.438454
0.451901	-0.670011
0.226093	0.597653
0.592499	0.364656
-0.879292	0.445688
-0.0477322	0.706712
0.440524	0.601461
-0.893193	0.176435
0.0573381	-0.902587
0.622111	0.402602
0.316909	-0.609048
-0.808551	-0.418038
0.499969	0.488737
0.925154	0.166202
0.825729	-0.563615
-0.755461	0.567226
-0.956229	-0.260809
-0.462238	-0.652306
-0.574567	-0.364479
0.671022	0.148085
-0.189799	0.730742
0.257486	0.750228
-0.448117	0.563347
-0.153487	-0.66556
-0.787378	0.124018
0.792108	0.521322
-0.332521	0.663256
0.864021	-0.162609
0.157362	-0.733313
-0.429676	-0.814937
-0.539155	-0.284487
0.78135	0.598069
-0.661743	0.364448
0.731939	0.151955
0.155429	0.88112
-0.509409	0.47187
0.624377	-0.602832
-0.320995	-0.837176
-0.398181	0.52101
-0.705348	-0.502948
0.764419	0.411498
0.480805	-0.382194
0.279837	-0.95835
0.169669	0.604073
-0.594514	-0.408979
0.385931	0.787194
0.427807	0.627737
0.503593	-0.417926
0.948345	0.245064
0.336545	-0.798106
0.719908	0.229899
-0.436489	-0.647846
-0.62833	-0.238486
0.36397	0.572159
-0.68182	0.0512701
-0.151564	0.605855
-0.681647	0.457217
-0.056243	0.686153
0.350862	-0.599582
0.283192	0.561863
0.354073	-0.561329
-0.657767	0.330854
-0.641567	-0.32844
-0.496947	-0.752681
-0.370813	0.547354
0.202263	-0.944268
-0.456835	-0.511503
0.367017	-0.767784
-0.597983	-0.0557717
-0.637961	-0.372265
0.617869	0.281238
0.76191	-0.418762
-0.774295	-0.631734
0.439363	-0.747956
0.679653	0.121201
-0.269599	0.693526
0.514066	0.404677
-0.329783	0.828223
-0.523847	0.554839
-0.679244	-0.599942
-0.555239	0.343876
0.16749	-0.979481
0.184406	0.62036
-0.277556	-0.924104
-0.949748	0.158587
0.0420405	0.908348
0.219191	-0.858102
-0.86388	0.49233
0.0563796	-0.654691
-0.161613	-0.833168
-0.606527	-0.0602618
-0.735846	0.570987
0.463838	-0.75791
0.0269216	0.737183
-0.384698	0.613122
0.656159	-0.102689
-0.730112	-0.481625
-0.541043	0.300429
0.13621	0.70819
0.811193	-0.37253
0.893483	-0.165226
-0.458941	0.393641
-0.015498	0.824595
0.229654	-0.955264
0.909111	-0.406635
-0.476152	-0.830403
0.0421994	0.875048
0.51368	-0.792505
0.836946	0.159264
0.555972	-0.798057
-0.491073	-0.509626
0.787128	0.311545
-0.0909815	0.86439
-0.635036	-0.295063
0.112562	0.720166
-0.671746	0.251416
0.0418276	-0.997027
-0.685457	0.560491
-0.50883	0.82149